name,symbol,description,seconds
QJ6JIUNRDVL4ICAE6PSD.mp4,AFRI,AFRICAAAAAAAAAAAAAA!!!,10.43
OWTKFNNUHSTQ6PWMXBTY.mp4,WHOI,Who is controlling these tanks?,20.25
3WTG27X3VPAB6767H6DX.mp4,PURE,Pure happiness,10.2
RCCAPREHQWCP67MTW3LX.mp4,EXTR,Extreme Bayblade,59.54
REITIKQB3TZH5GJU4TZQ.mp4,FRIE,"Friend - ""How fast are NASCARS? Nascar -.............",10.07
LTMHCWAUAXBRW3NNYTMV.mp4,PLAN,Planning your future,51.71
A26CN4R5N377PBGIDQZK.mp4,HOWT,How to tie a ring,9.95
72VJMOGUJIUCKDVL2XO2.mp4,GREE,Green Wednesday,17.51
HJ7B724ALH5W7WVGEKLC.mp4,ITSW,It's Wednesday my dudes,14.86
3W4C4I42YIFMMU36YP33.mp4,WHWY,What happens when you act like a mother of chicks,27.47
2KAQT7HVQ5YUS57OS56B.mp4,TTIH,The terror in her eyes,12.67
UCJPIIYYVQ4VXIQESAFE.mp4,HERE,He really does know a spot,55.33
L3KYHIUNTCFNHDFD7AFG.mp4,RRFP,Rapid reaction from police saved the passenger..,11.14
V73PGPJXF6A43EAAL2W5.mp4,ACLA,A classic of classics,12.56
AERLQZZLCIK5YO44VAAU.mp4,PEAC,Peace,12.66
3XA6Q53J4PTVDU3Y23LD.mp4,NOPA,No pain no gain,59.03
IQS7PXNPPJW3R4VPEOCE.mp4,IQS7,IQS7PXNPPJW3R4VPEOCE,54.75
ZWI72FOLS3RES5GTMYOY.mp4,INCR,Incredible plot twist at the very end.,28.72
5HFXP2GXAAIIUYXUK5BS.mp4,PUTA,Put a weed for maximum efficiency,10.82
JJQ4LDDGQSF4VOMU2HXV.mp4,MEAN,Meanwhile in Florida,17.21
YIHOLYJKOILGAJBYKQVL.mp4,THEG,The gang,19.3
J5PTBTXKEUPTH23YZ52K.mp4,MAGI,Magic trick with a carrot,6.76
RTHW6IQRBW2EQHQ5VHFE.mp4,AUST,Austrian Roadrunner,9.47
5L4X3NIHONTQWXZF7XL4.mp4,SOCL,So close . . .,19.73
LWSOCSMZLKTERDHTK22K.mp4,CALM,Calms the soul,15.0
HSKQ7TJPFVDVZL6M7VJP.mp4,TWOW,Two women out riding their horses get approached by a herd of wild horses.,26.6
SYVIPMEY5IWHWDI4JJJP.mp4,IWAN,I want to break free,20.43
IXWORXATLX3UCKYAY455.mp4,ONES,One shot. Make it count,26.47
6XFKAZTPNWFX4WQU6V6X.mp4,BRAZ,Brazilian Food - Rural Style,86.17
OPRPMEZ7J22KQ7HCYYUO.mp4,FLYN,FLY NAVY,15.16
BGFU3TWKLMUJZZXH3PVS.mp4,ICOM,"I completely understand him, but I sincerely could be that lady!",15.46
YIGH4UQZ24VFDQ6QEGZG.mp4,SATI,Satisfying snow removal,64.11
DT56PDSW2KSD6D7AL2TG.mp4,HEHA,He has endless patience.,60.03
7Q4TAKGAG5FX5IEIFVCS.mp4,USIN,Using physics to escape the pit,12.07
US4E4MTHRDLNRN74JHWL.mp4,YOUC,You can bribe EVERYTHING with food,55.23
NNB3D5S4OSIAJWQE2FT4.mp4,GUYS,Guys be like:,13.51
ZMQFXW3R47ETNE5N47Z4.mp4,MANB,Man builds a 3D chopping board using an extensive process,179.24
OOKNMSYZF5O3CCPE2E5X.mp4,DISA,Disabled dogs enjoy their new freedom together,27.43
QMWGFKHUSLSSTPFSTO73.mp4,FEDE,Federal workers right now.,36.93
YHEAO66ZPB7OHREZTSWH.mp4,MAGN,Magnificent,17.08
2KJJO5FPE7KZKUTRCOV3.mp4,COOL,Cool Pet,19.02
ECQRPYVXUNOCELZLM4HL.mp4,STUN,"Stunning Underwater View of The Everglades, Florida!",26.18
MIWUT7PRVOWCUAHVZYTP.mp4,THIS,This new anti theft system,9.3
7VDCDVSO7KBNUSLTGUVS.mp4,THIS,This is how this hotel gets rid of pigeons Cancun Mexico,21.67
3BYTN2L2DJXOF5LCFRBR.mp4,THOS,Those girls in fire (song),20.14
3T3VAO536ZDFQMRMCFNE.mp4,JUST,Just old shit,5.0
WZJFC4NQFJDHYAJNR3VN.mp4,SLOT,Sloth Love,32.02
OJI2E5FHBQMLOUC7W3TU.mp4,MYBA,My baby cat so cute,16.5
FIOOZ5YGWJJM2X7HAZ5U.mp4,TAKE,Take a break from all the shite,12.85
4FBT4COVJA722L6CUMVV.mp4,LATI,"Latina mom, and a slipper of mass destruction",13.79
NZN55TEQT6DCJBGVWGWT.mp4,POLA,Poland,19.4
LBQH3GFVXORZPFMHWZAD.mp4,AMED,A medical projection,29.46
7NUZXPWHZLXBMSAOH7XP.mp4,SERI,"Serious. Somewhere far far away life on another planet, this is happening.",19.6
5ODL257RZBNXJDFQSTON.mp4,FLYI,Flying Egg,15.03
QM4RKQYGX4W62AYAXOC6.mp4,THEI,The inside of amethyst geodes.,15.36
R5TRESPXEP6SKTL7ERR3.mp4,FORK,Forklift Professionals,38.27
G4VDQC6ZYSNO6TUMYJP5.mp4,ALIQ,A liquor store owner in South Africa made a group of thieves drink the alcohol they tried to steal,41.81
U4VNMGYLAAK3RAJCWDDX.mp4,"SPEC","""Special"" Rocket league",6.93
PKLQEI7TYXIUQNZQSFRJ.mp4,WHAT,What if your math homework could solve itself? Watch this tablet in action! ,48.94
7ROWDAUINJEEMYUB2W3Z.mp4,PREC,"Precise and Painstaking Restoration of a Model Ferrari 288GTO. Painting, Sanding, Polishing and Detailing.",297.37
QIODZYPEFZNTCMIOGOBF.mp4,NODO,No donâ€™t stop,26.77
4UCCLKPZKZARRCUY7DLI.mp4,THIS,This car definitely comes with a built-in chaos mode.,19.54
BHLHFBMRVNKOV6WI5QZB.mp4,CAPY,Capybaras are cool,163.26
J4WZIFBPKUYP6LYTW4ST.mp4,THER,There is a light at the end of the tunnel for us meme degen,42.13
JIPUII7HK64JQRY4IJ3M.mp4,RUNP,Run pig Run!,28.7
BJZUC2EUFO3O3YFAXSOC.mp4,HETO,He took it like a little B.... man.. MAN..,33.55
33QDHZS4TMSMYDKNPXLF.mp4,LEVI,Levitate and Vanish a table,77.53
NVFXGBQTQULM7C7PMNVL.mp4,FLOW,Flowing lava sounds like breaking glass,14.66
WNI4ZGTZSA234LJLBSLU.mp4,SAYW,Say what you want but that chickens looking good,60.3
QRZQOV226M7G2WLXTDNE.mp4,BIGN,Big nose,2.92
LNWONG56JDN3HVL6YOJW.mp4,FLOO,Floorman working an oil rig,40.28
FT6ESZQZFIGLNIEC7LQZ.mp4,THIS,This is called near human technology,14.47
RJ3ENGZ2B2UP6OPYXPDF.mp4,BABY,Baby elephant insists to sleep beside its caretaker,39.13
PYTWXVCEL3Z75MVVGOXM.mp4,BUST,Busting ghostbusters,15.12
J2QANIOKEDY27YH47AYC.mp4,LOWR,Low resolution of video of you and colleagues,5.76
2TGGIE2PNRWSRDSHOKP5.mp4,BIGJ,Big jump,24.67
FOE7NFNYF6DHVMHGNL2T.mp4,DELT,Delta Crash,34.19
5U2HMVLGPDOBDMSEXVFN.mp4,TRUE,True laser,15.04
EVHVBP5LE5NQIP3J6WID.mp4,ISTH,Is this why women live longer?,18.9
6G62FZ2E3L5N5X6674D3.mp4,HELP,Helped her retrieve her runaway horse.,200.43
3E25RJESVIGBUREHTMRP.mp4,DRIV,Driving is such a peaceful moment,17.63
IVNL774UJ2SUEKL2MCLB.mp4,HEMA,He made a pefect job.....,56.07
PEZU7ZAH2IXTBFP45XDX.mp4,DAIL,Daily repost from my gallery,14.13
T2MFAIHKKDMTFTUVQYLY.mp4,HOWT,How to crush garlic efficiently,18.58
CWQNTFQPEYNM5AHLJWW7.mp4,TBHE,This belongs here!,61.63
NHK2AXDUH2DZBX7G3MDS.mp4,ANYG,Any given day in rural America,41.03
MAJKMMLB27LQSWL3CEAJ.mp4,DOGS,Dogs: Before Adventure Walk and After,21.91
XHJX3KDZMKCMJR2ZVE4V.mp4,SUDD,Suddenly out of nowhere,14.33
WGLJGA3DTUWNULMYBRXS.mp4,IWOU,I would help,9.98
FUQJHHBC6YICYPERXKIJ.mp4,DETR,Detroit was flooded and it froze over night. Cars are stuck,45.57
M65BN3HJV7BROKC3N776.mp4,JUNG,Jungle is massive,89.83
WF6QLD6A3X2QYKVMQXX5.mp4,THEB,The Bluetooth device connected successfully,15.57
EWLNTUHKXRA5CIWOSHME.mp4,IJUS,I just want to share with you some serenity,48.1
YZ7SQBXELBEDXJOKBUM7.mp4,ADOC,A doctor a day keeps the apple away,76.11
KD37J33SUIAI4AUKJT6T.mp4,THEL,The Life Of A Mayfly,100.27
6AXGJS4MB67SLUCDY2S3.mp4,AVER,Average cave explorer's day,87.28
OIJUHT2CGDN5PBZCKZZT.mp4,THED,The dinner was very spicy,6.4
PF25JTWDCN2THZDAAUDN.mp4,WGSI,What gif should I add to my meme watch?,29.63
KMIKCAJNDTCCNLUTAIV7.mp4,FART,Farting in public,53.8
2Q3BRYSXCYBFJRRDCT6K.mp4,STOPS,Stop scrolling and get back to your work!,13.12
